m_1936,553570,60,93,1.15,0,49.08,39.3,9
m_1936,553950,40,90,2.46,0,49.09,39.3,9
m_1936,554130,45,90,1.73,0,49.09,39.31,6
m_1936,554160,41,89,2.99,0,49.09,39.31,8
m_1936,554230,39,88,3.11,0,49.09,39.31,5
m_1936,554250,38,89,3.11,0,49.09,39.31,5
m_1936,554370,41,89,2.65,0,49.1,39.31,12
m_1936,554500,57,93,1.84,1,49.1,39.31,8
m_1936,554530,60,94,1.19,1,49.1,39.31,8
m_1936,554540,58,94,,,49.1,39.31,8
m_1936,554690,56,94,6.13,0,49.1,39.32,9
m_1936,554770,53,92,1.65,1,49.11,39.32,4
m_1936,554810,65,94,4.94,1,49.11,39.32,4
m_1936,554850,42,95,1.79,0,49.11,39.32,8
m_1936,554890,55,95,1.36,1,49.11,39.32,7
m_1936,555070,51,94,,,49.11,39.32,10
m_1936,555100,56,94,1.65,1,49.11,39.32,10
m_1936,555150,52,90,1.39,1,49.11,39.33,7
m_1936,555220,43,91,2.7,1,49.12,39.33,8
m_1936,555250,53,92,1.4,1,49.12,39.33,9
m_1936,555270,47,92,1.47,0,49.12,39.33,9
m_1936,555300,45,91,2.71,0,49.12,39.33,8
m_1936,555410,66,94,1.1,1,49.12,39.33,12
m_1936,555470,57,92,6.97,1,49.12,39.33,10
m_1936,555730,40,89,4.24,1,49.13,39.34,10
m_1936,555770,39,90,8.46,0,49.13,39.34,10
m_1936,555790,45,90,1.93,1,49.13,39.34,8
m_1936,555910,59,92,1.86,1,49.13,39.34,8
m_1936,556000,39,91,,,49.13,39.34,7
m_1936,556160,33,90,4.04,1,49.13,39.34,8
m_1936,556220,33,90,3.9,1,49.13,39.34,4
m_1936,556320,30,89,5.53,1,49.14,39.34,5
m_1936,556360,34,90,5.15,1,49.14,39.34,5
m_1936,556380,36,90,5.48,0,49.14,39.35,7
m_1936,556420,44,91,3.14,0,49.14,39.35,7
m_1936,556520,32,89,,,49.14,39.35,6
m_1936,556530,32,90,6.15,1,49.14,39.35,6
m_1936,556570,32,90,5.18,1,49.14,39.35,6
m_1936,556740,28,90,6.56,0,49.14,39.35,5
m_1936,556760,26,91,6.86,0,49.14,39.35,5
m_1936,557020,33,92,5.39,1,49.15,39.35,6
m_1936,557180,34,92,4.33,1,49.15,39.36,5
m_1936,557650,47,92,1.64,1,49.16,39.36,8
m_1936,557690,36,93,,,49.16,39.36,8
m_1936,557810,42,95,7.12,1,49.16,39.37,7
m_1936,557850,36,94,2.91,1,49.16,39.37,6
m_1936,558360,69,97,1.29,1,49.17,39.38,6
m_1936,558380,61,95,0.81,1,49.17,39.38,6
m_1936,558410,64,94,4.3,1,49.17,39.38,6
m_1936,558460,59,93,1.5,1,49.18,39.38,7
m_1936,558480,63,94,,,49.18,39.38,9
m_1936,558520,57,92,1.13,1,49.18,39.38,9
m_1936,558610,65,92,1.04,1,49.18,39.38,6
m_1936,558940,52,92,1.35,1,49.19,39.39,9
m_1936,558950,51,92,5.64,1,49.19,39.39,9
m_1936,558980,51,93,0.94,1,49.19,39.39,11
m_1936,558990,54,93,0.84,0,49.19,39.39,11
m_1936,559210,54,94,1.27,1,49.19,39.39,15
m_1936,559250,62,95,5,1,49.2,39.4,15
m_1936,559420,47,92,1.87,1,49.2,39.4,10
m_1936,559530,48,93,1.02,1,49.2,39.4,8
m_1936,559590,61,94,0.62,1,49.2,39.4,11
m_1936,559670,66,95,5.07,1,49.21,39.4,9
m_1936,559680,64,95,1.72,1,49.21,39.4,16
m_1936,559740,62,97,1.74,1,49.21,39.41,8
m_1936,559940,58,95,0.91,1,49.21,39.41,7
m_1936,559990,52,94,1.27,1,49.21,39.41,6
m_1936,560060,57,94,0.8,1,49.21,39.41,10
m_1936,560130,52,94,1.12,1,49.22,39.41,9
m_1936,560140,50,93,1.88,1,49.22,39.41,9
m_1936,560190,49,93,1.69,1,49.22,39.41,10
m_1936,560240,52,94,1.12,1,49.22,39.41,7
m_1936,560690,56,92,5.13,1,49.23,39.42,9
m_1936,560730,62,93,0.89,1,49.23,39.42,7
m_1936,560740,66,93,0.77,1,49.23,39.42,7
m_1936,560760,61,92,0.91,1,49.23,39.42,13
m_1936,560900,58,93,0.82,1,49.23,39.43,9
m_1936,560950,56,90,0.99,1,49.23,39.43,14
m_1936,560970,54,89,0.96,0,49.23,39.43,14
m_1936,561000,55,90,1.47,1,49.23,39.43,12
m_1936,561060,50,88,1.49,1,49.24,39.43,8
m_1936,561200,49,90,1.28,1,49.24,39.43,10
m_1936,561280,63,90,1.2,1,49.24,39.43,11
m_1936,561320,46,89,0.85,1,49.24,39.44,12
m_1936,561370,49,89,1.58,1,49.24,39.44,12
m_1936,561410,52,90,5.35,1,49.25,39.44,12
m_1936,561460,43,90,2.58,1,49.25,39.44,12
m_1936,561470,48,89,5.99,1,49.25,39.44,12
m_1936,561620,42,89,2.13,0,49.25,39.44,6
m_1936,561690,49,91,1.21,0,49.25,39.44,6
m_1936,561760,43,91,3.27,1,49.25,39.44,6
m_1936,561770,44,91,7.54,1,49.25,39.44,6
m_1936,561910,53,92,1.52,1,49.26,39.45,11
m_1936,561980,53,93,0.86,1,49.26,39.45,10
m_1936,562110,63,93,0.79,2,49.26,39.45,8
m_1936,562120,66,93,1.15,1,49.26,39.45,8
m_1936,562370,51,94,3.99,1,49.27,39.46,6
m_1936,562490,55,95,1.13,1,49.27,39.46,6
m_1936,562730,55,93,3.59,1,49.27,39.46,7
m_1936,562740,48,93,1.01,1,49.27,39.46,5
m_1936,562790,52,93,3.58,1,49.28,39.46,5
m_1936,562800,50,94,0.81,1,49.28,39.46,6
m_1936,562840,47,93,1.54,1,49.28,39.46,6
m_1936,562870,47,93,1.01,1,49.28,39.47,5
m_1936,562910,45,92,3.95,1,49.28,39.47,5
m_1936,562970,49,92,3.15,1,49.28,39.47,6
m_1936,563120,64,94,0.41,2,49.28,39.47,7
m_1936,563290,58,95,0.86,1,49.29,39.48,6
m_1936,563330,53,93,3,1,49.29,39.48,6
m_1936,563510,51,91,3.58,1,49.29,39.48,7
m_1936,563550,53,91,0.6,1,49.3,39.48,7
m_1936,563600,56,92,0.44,1,49.3,39.48,7
m_1936,563620,54,93,1.05,1,49.3,39.48,7
m_1936,563690,55,93,2.9,1,49.3,39.49,12
m_1936,563780,54,93,0.6,1,49.3,39.49,6
m_1936,563830,61,92,0.72,1,49.3,39.49,5
m_1936,563880,58,92,1.63,1,49.3,39.49,7
m_1936,563970,59,94,0.47,1,49.31,39.49,9
m_1936,564080,56,95,0.43,1,49.31,39.5,7
m_1936,564160,52,95,0.97,1,49.31,39.5,8
m_1936,564210,55,95,0.31,1,49.31,39.5,7
m_1936,564390,52,93,0.51,1,49.32,39.5,6
m_1936,564680,58,96,0.62,1,49.33,39.51,7
m_1936,564690,60,97,0.53,1,49.33,39.51,7
m_1936,564720,53,94,,,49.33,39.51,12
m_1936,564800,61,96,0.48,2,49.33,39.51,12
m_1936,564820,61,97,0.54,2,49.33,39.51,12
m_1936,564940,61,96,2.06,1,49.33,39.52,6
m_1936,564950,61,96,,,49.33,39.52,6
m_1936,564990,56,96,0.46,1,49.33,39.52,7
m_1936,565050,58,95,0.5,1,49.33,39.52,6
m_1936,565130,59,96,2.91,1,49.34,39.52,7
m_1936,565350,59,95,0.37,1,49.34,39.53,6
m_1936,565550,60,95,3.35,1,49.35,39.53,7
m_1936,565680,59,94,0.76,1,49.35,39.53,7
m_1936,565830,57,96,0.4,1,49.35,39.54,5
m_1936,565870,58,96,0.78,1,49.35,39.54,8
m_1936,565880,57,94,0.61,1,49.35,39.54,8
m_1936,565930,61,94,0.81,1,49.35,39.54,9
m_1936,565970,64,94,2.22,1,49.36,39.54,9
m_1936,566070,67,94,0.43,1,49.36,39.54,8
m_1936,566200,72,91,1.02,1,49.36,39.55,9
m_1936,566230,70,91,0.71,1,49.36,39.55,6
m_1936,566390,58,90,3.12,1,49.37,39.55,6
m_1936,566420,58,90,0.37,1,49.37,39.55,8
m_1936,566580,47,90,0.85,1,49.37,39.55,4
m_1936,566630,50,91,4.03,1,49.37,39.55,4
m_1936,566670,50,90,0.82,1,49.37,39.56,6
m_1936,566680,50,91,1.26,1,49.37,39.56,6
m_1936,566790,45,93,0.72,1,49.37,39.56,7
m_1936,566820,51,90,1.07,1,49.38,39.56,5
m_1936,566830,48,90,,,49.38,39.56,5
m_1936,566870,51,90,3.41,1,49.38,39.56,5
m_1936,566900,58,90,0.46,1,49.38,39.56,5
m_1936,566920,62,91,1.11,1,49.38,39.56,5
m_1936,567020,56,91,,,49.38,39.56,4
m_1936,567150,44,89,0.79,1,49.38,39.57,6
m_1936,567180,45,88,1.12,1,49.38,39.57,5
m_1936,567280,46,89,1.8,1,49.39,39.57,5
m_1936,567410,47,91,3.98,1,49.39,39.57,7
m_1936,567430,52,90,0.91,1,49.39,39.57,7
m_1936,567520,44,90,1.34,1,49.39,39.57,6
m_1936,567530,48,90,4.26,1,49.39,39.57,6
m_1936,567690,46,91,0.62,1,49.39,39.58,5
m_1936,567770,48,92,4.82,1,49.4,39.58,4
m_1936,567960,39,90,3.33,1,49.4,39.58,8
m_1936,568090,44,89,2.36,0,49.4,39.58,7
m_1936,568120,36,88,4.02,0,49.41,39.58,7
m_1936,568210,42,89,2.59,1,49.41,39.58,8
m_1936,568270,41,89,2.24,0,49.41,39.59,9
m_1936,568310,40,89,6.78,1,49.41,39.59,9
m_1936,568400,50,92,1.11,1,49.41,39.59,9
m_1936,568430,50,91,5.67,1,49.41,39.59,9
m_1936,568480,49,90,1.8,1,49.42,39.59,7
m_1936,568490,56,90,5.14,1,49.42,39.59,7
m_1936,568540,44,91,3.48,1,49.42,39.59,6
m_1936,568570,35,91,3.56,1,49.42,39.59,7
m_1936,568580,37,91,2.62,1,49.42,39.59,7
m_1936,568610,41,91,8.04,1,49.42,39.59,7
m_1936,568800,35,90,5.08,1,49.42,39.6,5
m_1936,568850,37,89,10.43,1,49.42,39.6,5
m_1936,569080,40,89,3.34,0,49.43,39.6,15
m_1936,569110,37,89,3.83,1,49.43,39.6,11
m_1936,569270,36,89,8.36,1,49.43,39.6,8
m_1936,569300,35,89,3.6,0,49.43,39.6,6
m_1936,569410,37,89,4.27,0,49.43,39.61,6
m_1936,569500,37,91,3.6,0,49.43,39.61,7
m_1936,569600,44,93,1.42,0,49.43,39.61,7
m_1936,569630,46,93,5.57,1,49.44,39.61,7
m_1936,569680,41,94,2.9,1,49.44,39.61,5
m_1936,569760,43,94,2.74,1,49.44,39.61,6
m_1936,569870,43,92,6.2,1,49.44,39.61,7
m_1936,569900,49,93,1.26,1,49.44,39.61,7
m_1936,569920,50,92,2.01,1,49.44,39.61,7
m_1936,569950,48,92,1.82,1,49.44,39.61,7
m_1936,570000,44,93,2.14,1,49.44,39.62,6
m_1936,570180,36,91,2.96,1,49.45,39.62,7
m_1936,570250,49,90,1.43,0,49.45,39.62,6
m_1936,570320,41,90,2.15,1,49.45,39.62,5
m_1936,570400,37,91,4.18,1,49.45,39.63,5
m_1936,570430,37,90,2.74,1,49.45,39.63,5
m_1936,570470,36,90,9,1,49.46,39.63,5
m_1936,570580,35,91,4.94,1,49.46,39.63,6
m_1936,570600,38,92,3.69,1,49.46,39.63,6
m_1936,570610,38,92,3.91,1,49.46,39.63,6
m_1936,570680,36,90,2.96,1,49.46,39.63,8
m_1936,570700,53,92,2.28,1,49.46,39.63,8
m_1936,570840,41,89,3.09,1,49.46,39.63,6
m_1936,570930,36,91,4.77,1,49.46,39.63,6
m_1936,570970,35,91,5.38,1,49.46,39.63,5
m_1936,570990,32,90,6.69,1,49.46,39.63,5
m_1936,571110,32,91,4.74,1,49.47,39.64,6
m_1936,571230,44,94,2.53,1,49.47,39.64,7
m_1936,571330,43,94,3.11,1,49.47,39.64,6
m_1936,571470,37,91,4.08,1,49.47,39.64,5
m_1936,571540,39,89,2.9,0,49.48,39.64,8
m_1936,571560,42,89,3.37,0,49.48,39.64,8
m_1936,571580,38,89,3.4,0,49.48,39.64,8
m_1936,571910,33,87,9.93,0,49.48,39.65,5
m_1936,571990,26,86,6.73,1,49.48,39.65,9
m_1936,572300,27,86,5.42,0,49.49,39.65,5
m_1936,572360,26,86,5.44,1,49.49,39.65,4
m_1936,572400,30,87,4.8,0,49.49,39.65,5
m_1936,572550,42,91,2.06,0,49.49,39.66,14
m_1936,572620,36,92,5.16,0,49.5,39.66,21
m_1936,572670,40,91,3.05,0,49.5,39.66,22
m_1936,572770,42,90,2.83,0,49.5,39.66,7
m_1936,572790,39,90,3.08,0,49.5,39.66,7
m_1936,572890,52,89,1.44,0,49.5,39.66,11
m_1936,572980,53,89,2.01,0,49.5,39.66,7
m_1936,573020,50,89,1.54,0,49.5,39.67,6
m_1936,573030,54,90,1.18,1,49.5,39.67,6
m_1936,573040,61,90,1.37,1,49.5,39.67,6
m_1936,573160,35,90,4.24,0,49.51,39.67,6
m_1936,573260,36,90,3.07,0,49.51,39.67,5
m_1936,573270,36,90,2.79,1,49.51,39.67,5
m_1936,573320,30,90,4.86,1,49.51,39.67,7
m_1936,573350,54,92,5,1,49.51,39.67,7
m_1936,573390,39,92,2.18,1,49.51,39.67,6
m_1936,573590,37,92,9.43,0,49.52,39.67,6
m_1936,573620,32,92,4.13,0,49.52,39.68,5
m_1936,573680,38,88,2.5,1,49.52,39.68,5
m_1936,573690,39,88,2.31,1,49.52,39.68,5
m_1936,573750,35,89,3.04,1,49.52,39.68,6
m_1936,573970,39,87,3.38,1,49.52,39.68,6
m_1936,574360,63,90,1.23,2,49.53,39.69,7
m_1936,574440,59,93,1.55,2,49.53,39.69,11
m_1936,574600,36,92,,,49.54,39.69,6
m_1936,574690,39,94,3.67,1,49.54,39.69,4
m_1936,575080,34,93,4.31,1,49.54,39.7,5
m_1936,575130,38,93,3.18,1,49.54,39.7,6
m_1936,575160,37,93,2.88,1,49.54,39.7,5
m_1936,575420,32,92,4.12,1,49.55,39.7,7
m_1936,575630,35,92,8.83,1,49.55,39.71,5
m_1936,575650,34,91,4.72,1,49.55,39.71,7
m_1936,575710,47,92,2.08,1,49.56,39.71,6
m_1936,575870,54,91,5.34,1,49.56,39.71,5
m_1936,576010,34,89,7.85,1,49.56,39.71,5
m_1936,576070,42,90,2.77,1,49.56,39.72,6
m_1936,576100,50,91,2.39,0,49.56,39.72,6
m_1936,576120,47,91,2.99,0,49.56,39.72,6
m_1936,576200,50,92,1.39,0,49.56,39.72,7
m_1936,576420,47,92,3.05,0,49.57,39.72,5
m_1936,576550,48,93,3.08,0,49.57,39.72,7
m_1936,576880,49,94,1.92,0,49.58,39.73,6
m_1936,576970,42,91,3,0,49.58,39.73,7
m_1936,577270,33,91,3.83,1,49.58,39.74,9
m_1936,577310,36,92,8.16,0,49.58,39.74,9
m_1936,577570,41,94,2.35,0,49.59,39.74,7
m_1936,577620,37,93,3.98,0,49.59,39.74,5
m_1936,577750,31,91,3.79,0,49.59,39.75,5
m_1936,577760,29,91,3.6,0,49.59,39.75,5
m_1936,577840,39,92,4.7,0,49.59,39.75,5
m_1936,577860,35,92,4.52,0,49.59,39.75,7
m_1936,577870,36,92,3.64,0,49.59,39.75,7
m_1936,577930,33,91,3.9,0,49.6,39.75,7
m_1936,577950,37,92,3.32,0,49.6,39.75,7
m_1936,578320,38,92,4.83,1,49.6,39.76,5
m_1936,578350,37,92,3.59,1,49.6,39.76,6
m_1936,578460,33,92,5.17,0,49.61,39.76,5
m_1936,578540,30,92,2.79,1,49.61,39.76,6
m_1936,578580,38,93,1.98,1,49.61,39.76,10
m_1936,578670,37,92,4.32,1,49.61,39.76,6
m_1936,578710,40,93,3.61,1,49.61,39.76,8
m_1936,578790,44,94,1.88,1,49.61,39.77,10
m_1936,578880,41,89,2.55,1,49.62,39.77,7
m_1936,579060,46,91,2.74,0,49.62,39.77,12
m_1936,579130,46,93,1.94,0,49.62,39.77,7
m_1936,579300,43,94,2.51,0,49.63,39.77,6
m_1936,579310,41,93,3.44,1,49.63,39.77,6
m_1936,579330,44,94,2.17,0,49.63,39.78,6
m_1936,579400,33,93,4.34,0,49.63,39.78,8
m_1936,579470,44,91,7.83,0,49.63,39.78,6
m_1936,579490,42,90,3.08,1,49.63,39.78,7
m_1936,579550,41,90,,,49.63,39.78,6
m_1936,579590,44,89,6.22,0,49.63,39.78,6
m_1936,579660,43,90,4.58,0,49.63,39.78,7
m_1936,579690,40,89,2.2,0,49.63,39.78,7
m_1936,579860,39,91,2.11,0,49.64,39.78,7
m_1936,579870,39,90,2.23,0,49.64,39.78,7
m_1936,580020,54,92,2.53,1,49.64,39.78,8
m_1936,580330,51,94,1.6,0,49.65,39.79,8
m_1936,580530,46,93,1.68,0,49.65,39.79,8
m_1936,580550,46,93,6.61,0,49.65,39.79,8
m_1936,580720,41,90,3.48,0,49.65,39.8,6
m_1936,580770,35,88,3.67,0,49.65,39.8,7
m_1936,580800,35,88,,,49.65,39.8,5
m_1936,580870,42,89,2.72,0,49.65,39.8,7
m_1936,580880,43,90,2.1,0,49.65,39.8,7
m_1936,580990,42,90,3,0,49.66,39.8,7
m_1936,581000,39,90,2.52,0,49.66,39.8,7
m_1936,581020,48,91,2.23,0,49.66,39.8,7
m_1936,581300,45,91,1.44,0,49.66,39.81,9
m_1936,581350,45,91,2.6,0,49.66,39.81,11
m_1936,581450,53,92,7.07,0,49.66,39.81,10
m_1936,581480,44,92,2.12,0,49.67,39.81,9
m_1936,581520,51,92,4.98,0,49.67,39.81,9
m_1936,581650,41,90,2.76,0,49.67,39.82,11
m_1936,581800,41,90,2.86,0,49.67,39.82,5
m_1936,582030,37,91,2.42,1,49.68,39.82,8
m_1936,582280,35,89,3.95,0,49.68,39.82,5
m_1936,582350,50,91,5.62,1,49.68,39.83,11
m_1936,582620,41,93,2.55,0,49.69,39.83,10
m_1936,582790,35,92,3.69,0,49.69,39.83,6
m_1936,582840,41,92,2.4,0,49.69,39.83,6
m_1936,583000,31,91,4.44,0,49.7,39.84,7
m_1936,583040,30,90,3.89,0,49.7,39.84,5
m_1936,583050,29,90,3.97,0,49.7,39.84,5
m_1936,583110,33,91,3.41,0,49.7,39.84,6
m_1936,583130,34,91,8.79,0,49.7,39.84,6
m_1936,583140,31,91,4.25,0,49.7,39.84,5
m_1936,583330,34,91,3.4,0,49.7,39.84,7
m_1936,583370,36,91,8.9,0,49.7,39.84,7
m_1936,583380,32,91,7.15,0,49.7,39.84,5
m_1936,583410,32,90,3.55,0,49.7,39.84,5
m_1936,583440,34,91,4.48,0,49.7,39.84,7
m_1936,583470,34,91,3.77,0,49.7,39.84,7
m_1936,583550,41,92,8.31,1,49.71,39.84,5
m_1936,583590,34,90,3.08,1,49.71,39.84,6
m_1936,583680,31,89,5.21,0,49.71,39.84,6
m_1936,583900,27,91,7.31,0,49.71,39.85,5
m_1936,583950,69,91,1.79,1,49.71,39.85,6
m_1936,584010,24,91,6.39,0,49.71,39.85,5
m_1936,584050,33,91,5.07,1,49.71,39.85,7
m_1936,584110,31,91,,,49.71,39.85,7
m_1936,584200,29,91,6.43,0,49.72,39.85,5
m_1936,584330,33,91,8.28,1,49.72,39.85,6
m_1936,584350,30,91,4.41,1,49.72,39.85,5
m_1936,584360,36,92,2.25,1,49.72,39.85,5
m_1936,584390,33,91,8.25,0,49.72,39.85,5
m_1936,584550,23,89,4.64,0,49.72,39.86,5
m_1936,584570,24,90,10.46,0,49.72,39.86,5
m_1936,584620,31,91,4.95,0,49.72,39.86,5
m_1936,584660,33,92,3.11,0,49.72,39.86,6
m_1936,584830,32,91,5.4,1,49.73,39.86,5
m_1936,585270,28,91,5.25,1,49.73,39.87,5
m_1936,585360,29,93,6.15,1,49.74,39.87,4
m_1936,585410,35,94,8.3,1,49.74,39.87,4
m_1936,585490,39,93,3.18,1,49.74,39.87,7
m_1936,585500,35,92,4.05,1,49.74,39.87,7
m_1936,585620,24,93,5.22,1,49.74,39.87,5
m_1936,585700,21,91,6.9,1,49.74,39.88,5
m_1936,585730,21,91,8.48,1,49.74,39.88,4
m_1936,585750,19,90,5.73,1,49.74,39.88,4
m_1936,585830,29,90,9.36,1,49.74,39.88,5
m_1936,585940,65,91,1.81,1,49.74,39.88,5
m_1936,586020,50,91,4.63,1,49.74,39.88,4
m_1936,586030,24,91,7.73,1,49.74,39.88,4
m_1936,586130,27,93,9.42,1,49.75,39.88,6
m_1936,586460,23,92,6.32,1,49.75,39.88,4
m_1936,586640,25,93,4.68,1,49.75,39.88,4
m_1936,586700,24,93,6.02,1,49.75,39.88,4
m_1936,586730,30,94,6.81,1,49.75,39.89,4
m_1936,586760,23,94,5.82,1,49.75,39.89,4
m_1936,586770,27,94,6.83,1,49.75,39.89,4
m_1936,586830,28,94,4.95,1,49.75,39.89,4
m_1936,586850,45,94,6.86,1,49.75,39.89,4
m_1936,587240,29,91,5.7,1,49.76,39.89,5
m_1936,587290,29,90,6.4,1,49.76,39.89,5
m_1936,587320,28,90,5.76,1,49.76,39.89,5
m_1936,587450,35,91,8.08,1,49.76,39.89,6
m_1936,587480,34,90,3.64,1,49.76,39.89,7
m_1936,587580,32,90,4.49,1,49.77,39.89,4
m_1936,587650,36,90,4.41,1,49.77,39.89,5
m_1936,587680,41,91,3.04,1,49.77,39.9,5
m_1936,587870,32,90,7.05,1,49.77,39.9,5
m_1936,587900,28,89,4.5,1,49.77,39.9,4
m_1936,587910,26,89,4.64,1,49.77,39.9,4
m_1936,587960,26,89,6.51,0,49.77,39.9,5
m_1936,588180,27,90,6.05,1,49.77,39.9,4
m_1936,588340,30,91,,,49.78,39.9,4
m_1936,588460,26,90,6.9,1,49.78,39.9,6
m_1936,588570,26,90,4.82,0,49.78,39.91,5
m_1936,588620,25,90,5.35,0,49.78,39.91,5
m_1936,588780,28,89,4.45,0,49.78,39.91,5
m_1936,589060,39,91,3.15,1,49.79,39.91,5
m_1936,589070,41,91,,,49.79,39.91,5
m_1936,589160,25,92,5.75,1,49.79,39.91,4
m_1936,589210,23,91,7.74,1,49.79,39.91,5
m_1936,589390,27,91,6.38,1,49.79,39.92,5
m_1936,589480,27,93,7.28,1,49.79,39.92,5
m_1936,589550,28,92,8.18,1,49.79,39.92,5
m_1936,589600,27,93,6.48,1,49.79,39.92,6
m_1936,589610,33,94,6.56,1,49.79,39.92,6
m_1936,589630,31,93,6.37,1,49.79,39.92,6
m_1936,589650,27,93,5.82,1,49.79,39.92,6
m_1936,589660,30,93,6.6,1,49.79,39.92,6
m_1936,589900,28,94,5.06,1,49.8,39.92,5
m_1936,590130,40,94,2.7,1,49.8,39.92,6
m_1936,590150,40,94,4.81,1,49.8,39.93,6
m_1936,590220,26,93,6.73,0,49.8,39.93,4
m_1936,590320,25,93,6.49,1,49.8,39.93,4
m_1936,590330,26,93,8.29,0,49.8,39.93,4
m_1936,590560,27,90,5.25,0,49.81,39.93,5
m_1936,590730,58,95,0.84,1,49.81,39.93,5
m_1936,590750,43,84,3.88,1,49.81,39.93,5
m_1936,590890,30,85,4.57,0,49.81,39.94,6
m_1936,590910,26,84,5.19,1,49.81,39.94,6
m_1936,591080,34,85,3.53,1,49.82,39.94,27
m_1936,591110,34,85,6.7,1,49.82,39.94,27
m_1936,591150,31,84,4.77,0,49.82,39.94,7
m_1936,591160,29,84,5.87,1,49.82,39.94,7
m_1936,591290,41,85,4.82,1,49.82,39.94,5
m_1936,591600,33,84,3.33,0,49.83,39.95,6
m_1936,591670,31,84,4.74,0,49.83,39.95,7
m_1936,591700,29,84,4.81,0,49.83,39.95,7
m_1936,591710,32,84,5.9,1,49.83,39.95,7
m_1936,591790,36,85,3.74,0,49.83,39.95,5
m_1936,591910,37,86,2.6,0,49.83,39.95,7
m_1936,591940,32,84,3.59,0,49.83,39.95,7
m_1936,592040,28,84,4.49,0,49.83,39.95,6
m_1936,592290,33,86,3.26,0,49.84,39.95,6
m_1936,592340,31,87,2.63,1,49.84,39.96,6
m_1936,592390,31,88,4.86,0,49.84,39.96,4
m_1936,592430,33,88,6.33,0,49.84,39.96,4
m_1936,592530,30,89,4.07,0,49.84,39.96,5
m_1936,592810,29,88,4.85,1,49.84,39.96,6
m_1936,592830,27,88,4.31,1,49.85,39.96,6
m_1936,592870,47,87,0.72,1,49.85,39.96,6
m_1936,593000,55,86,,,49.85,39.96,5
m_1936,593160,46,87,0.73,1,49.85,39.96,5
m_1936,593300,46,87,0.28,1,49.85,39.97,5
m_1936,593360,54,88,0.43,1,49.85,39.97,4
m_1936,593570,24,86,,,49.85,39.97,4
m_1936,593580,25,86,4.54,1,49.86,39.97,4
m_1936,593690,26,87,8.96,0,49.86,39.97,5
m_1936,593950,22,86,7.07,1,49.86,39.97,5
m_1936,594090,20,86,5.93,1,49.86,39.98,4
m_1936,594230,37,89,6.78,0,49.86,39.98,5
m_1936,594250,45,90,1.71,1,49.86,39.98,5
m_1936,594340,33,90,4.76,0,49.87,39.98,6
m_1936,594450,30,89,4.47,1,49.87,39.98,6
m_1936,594630,26,86,5.35,0,49.87,39.98,7
m_1936,594730,39,88,3.22,1,49.87,39.98,6
m_1936,594760,33,86,4.82,1,49.87,39.99,6
m_1936,594780,34,86,5.37,1,49.87,39.99,9
m_1936,594890,26,88,10.05,1,49.87,39.99,8
m_1936,594940,29,89,6.1,1,49.87,39.99,7
m_1936,595340,28,88,3.98,0,49.88,39.99,5
m_1936,595350,28,88,4.22,0,49.88,39.99,5
m_1936,595360,30,89,5.58,0,49.88,39.99,5
m_1936,595490,41,89,5.68,0,49.88,40,7
m_1936,595510,41,89,2.81,1,49.88,40,10
m_1936,595520,40,89,1.99,0,49.88,40,10
m_1936,595610,29,89,7.02,0,49.89,40,6
m_1936,595630,28,89,5.5,0,49.89,40,5
m_1936,595680,26,89,4.66,0,49.89,40,5
m_1936,595820,24,89,4.92,1,49.89,40,7
m_1936,595860,30,91,3.46,0,49.89,40,6
m_1936,595900,32,93,4.3,0,49.89,40,6
m_1936,595950,32,94,2.42,1,49.89,40,6
m_1936,595970,35,94,5.27,1,49.89,40,6
m_1936,595990,35,94,2.01,1,49.89,40,6
m_1936,596040,31,93,,,49.89,40,6
m_1936,596070,30,93,2.57,1,49.89,40,6
m_1936,596080,34,94,2.06,1,49.89,40,6
m_1936,596370,28,89,5.88,1,49.9,40.01,6
m_1936,596410,33,89,4.29,1,49.9,40.01,6
m_1936,596480,31,90,,,49.9,40.01,5
m_1936,596540,24,89,5.44,1,49.9,40.01,9
m_1936,596690,25,90,9.09,0,49.9,40.01,7
m_1936,596730,23,89,4.93,1,49.91,40.01,4
m_1936,596780,35,88,4.22,1,49.91,40.01,4
m_1936,596990,55,92,3.28,2,49.91,40.02,8
m_1936,597080,34,90,3.76,0,49.91,40.02,9
m_1936,597300,29,91,5.08,0,49.92,40.02,4
m_1936,597350,29,91,8.52,0,49.92,40.02,4
m_1936,597360,28,91,7.35,0,49.92,40.02,5
m_1936,597410,32,92,7.62,0,49.92,40.02,5
m_1936,597500,33,90,5.03,0,49.92,40.02,5
m_1936,597660,27,90,5.05,1,49.92,40.03,4
m_1936,597710,36,91,7.14,0,49.92,40.03,4
m_1936,597930,34,92,3.13,0,49.93,40.03,6
m_1936,598170,46,94,1.88,1,49.94,40.04,6
m_1936,598230,42,94,2.74,1,49.94,40.04,10
m_1936,598310,29,94,8.26,0,49.94,40.04,11
m_1936,598390,29,94,5.47,0,49.94,40.04,7
m_1936,598440,27,93,6.04,0,49.94,40.04,7
m_1936,598620,27,93,5.48,0,49.95,40.04,4
m_1936,598710,31,93,4.61,1,49.95,40.05,8
m_1936,598960,22,90,6.63,0,49.95,40.05,4
m_1936,599050,26,91,6.28,1,49.95,40.05,7
m_1936,599160,26,92,6.29,0,49.95,40.05,5
m_1936,599410,30,92,6.33,0,49.96,40.05,4
m_1936,599570,29,92,9.74,1,49.96,40.06,6
m_1936,599650,30,89,5.7,1,49.96,40.06,7
m_1936,599750,35,91,6.99,1,49.96,40.06,4
m_1936,599760,35,91,3.28,1,49.96,40.06,4
m_1936,599980,48,95,,,49.97,40.06,6
m_1936,599990,44,94,3,0,49.97,40.06,6
m_1936,600070,36,90,3.32,1,49.97,40.06,6
m_1936,600160,26,89,6.24,0,49.97,40.07,5
m_1936,600260,32,90,4.71,0,49.97,40.07,5
m_1936,600360,38,92,2.74,1,49.97,40.07,6
m_1936,600420,44,92,2.66,1,49.98,40.07,5
m_1936,600450,46,92,1.35,1,49.98,40.07,5
m_1936,600510,40,91,3.55,1,49.98,40.07,5
m_1936,600530,29,91,8.93,1,49.98,40.07,5
m_1936,600580,34,92,5.32,1,49.98,40.07,5
m_1936,600590,32,92,,,49.98,40.07,5
m_1936,600680,31,91,3.88,1,49.98,40.07,5
m_1936,600700,32,90,4.66,1,49.98,40.07,5
m_1936,600840,31,91,4.25,1,49.98,40.08,8
m_1936,600950,40,90,5.01,1,49.99,40.08,7
m_1936,600970,40,90,2.37,1,49.99,40.08,4
m_1936,601060,23,90,7.52,1,49.99,40.08,4
m_1936,601240,27,91,5.41,1,49.99,40.08,5
m_1936,601290,30,91,4.01,1,49.99,40.08,5
m_1936,601350,35,92,3.1,0,49.99,40.08,6
m_1936,601370,36,92,4.79,0,49.99,40.08,6
m_1936,601580,27,91,4.67,0,50,40.09,7
m_1936,601700,28,90,4.7,1,50,40.09,6
m_1936,601800,26,89,6.74,0,50,40.09,6
m_1936,601850,25,89,9.14,1,50,40.09,6
m_1936,601960,38,90,2.61,1,50.01,40.09,5
m_1936,602110,30,92,6.56,1,50.01,40.09,8
m_1936,602260,25,91,6.38,1,50.01,40.1,5
m_1936,602670,20,90,6.17,0,50.02,40.1,5
m_1936,602680,25,89,7.82,0,50.02,40.1,5
m_1936,602870,24,90,7.87,0,50.02,40.1,6
m_1936,603030,25,90,5.25,0,50.02,40.11,5
m_1936,603070,29,91,6.15,0,50.02,40.11,6
m_1936,603130,23,90,5.87,1,50.02,40.11,5
m_1936,603200,27,90,4.62,1,50.02,40.11,5
m_1936,603290,27,91,6.54,1,50.02,40.11,5
m_1936,603310,31,91,4.27,0,50.02,40.11,4
m_1936,603360,28,92,3.97,1,50.02,40.11,5
m_1936,603420,48,95,1.32,1,50.02,40.11,7
m_1936,603650,42,92,3.84,1,50.03,40.11,5
m_1936,603690,46,92,1.43,1,50.03,40.12,6
m_1936,604320,31,66,3.39,1,50.04,40.13,10
m_1936,604340,30,66,4.28,0,50.04,40.13,10
m_1936,604350,28,66,4.83,0,50.04,40.13,10
m_1936,604360,25,65,5.05,1,50.04,40.13,10
m_1936,604570,24,66,6.5,0,50.04,40.13,6
m_1936,604580,23,66,,,50.04,40.13,6
m_1936,604640,27,67,5.05,0,50.04,40.13,6
m_1936,604690,22,64,8.29,1,50.05,40.13,7
m_1936,604890,24,65,6.27,0,50.05,40.13,40
m_1936,605010,23,64,6.85,0,50.05,40.13,7
m_1936,605120,25,64,5.63,0,50.05,40.13,4
m_1936,605310,42,70,,,50.05,40.14,11
m_1936,605410,38,69,5.01,0,50.06,40.14,8
m_1936,605500,35,69,3.09,1,50.06,40.14,6
m_1936,605520,39,69,2.89,0,50.06,40.14,6
m_1936,605620,41,70,2.43,0,50.06,40.14,5
m_1936,605780,39,70,3.65,0,50.06,40.14,7
m_1936,605820,33,69,4.91,0,50.06,40.15,6
m_1936,605830,33,69,5.96,0,50.06,40.15,6
m_1936,605880,31,68,4.46,0,50.06,40.15,10
m_1936,605890,37,69,3.95,0,50.07,40.15,10
m_1936,605980,33,70,5.23,0,50.07,40.15,6
m_1936,605990,32,69,5.77,1,50.07,40.15,6
m_1936,606030,37,69,3.31,0,50.07,40.15,5
m_1936,606090,37,70,3.23,0,50.07,40.15,7
m_1936,606390,32,70,4.27,0,50.08,40.15,5
m_1936,606610,32,70,4.9,0,50.08,40.16,8
m_1936,606690,35,73,3.33,0,50.08,40.16,5
m_1936,606750,29,72,5.14,0,50.08,40.16,8
m_1936,606760,30,72,5.3,0,50.08,40.16,8
m_1936,606830,27,67,7.25,0,50.08,40.16,9
m_1936,606950,27,68,6.86,0,50.08,40.16,8
m_1936,607010,29,69,7.34,0,50.08,40.16,5
m_1936,607020,29,69,6.11,0,50.08,40.16,6
m_1936,607110,25,68,5.88,0,50.08,40.16,5
m_1936,607160,24,67,4.96,0,50.08,40.16,5
m_1936,607340,30,72,5.2,0,50.09,40.17,6
m_1936,607380,31,73,4.61,0,50.09,40.17,4
m_1936,607430,30,74,6.07,0,50.09,40.17,4
m_1936,607480,31,70,4.96,0,50.09,40.17,4
m_1936,607490,23,69,6.43,0,50.09,40.17,4
m_1936,607510,33,70,4.61,0,50.09,40.17,5
m_1936,607570,38,72,3.18,0,50.09,40.17,4
m_1936,607800,22,69,5.11,0,50.09,40.17,4
m_1936,608250,25,68,5.64,1,50.1,40.18,4
m_1936,608290,30,69,4.13,0,50.1,40.18,4
m_1936,608370,28,71,3.44,1,50.1,40.18,4
m_1936,608500,32,73,4.13,0,50.1,40.18,6
m_1936,608520,31,73,4.33,0,50.1,40.18,5
m_1936,608650,45,76,1.88,0,50.11,40.18,6
m_1936,608830,28,73,5.45,0,50.11,40.19,6
m_1936,608950,35,74,3.35,0,50.11,40.19,6
m_1936,608970,35,75,3.32,0,50.11,40.19,6
m_1936,609140,40,74,2.45,0,50.11,40.19,7
m_1936,609250,41,79,2.93,0,50.11,40.19,6
m_1936,609260,37,78,3.66,0,50.12,40.19,6
m_1936,609590,53,77,1.46,1,50.12,40.19,9
m_1936,609680,36,75,3.59,0,50.12,40.2,12
m_1936,609780,31,74,4.09,0,50.12,40.2,5
m_1936,609850,39,73,3.24,0,50.13,40.2,6
m_1936,609900,40,73,2.12,0,50.13,40.2,7
m_1936,609910,42,74,2.34,0,50.13,40.2,7
m_1936,609950,32,72,4.49,0,50.13,40.2,7
m_1936,610040,33,75,3.69,0,50.13,40.2,7
m_1936,610140,29,74,6.18,0,50.13,40.2,7
m_1936,610150,32,74,4.24,0,50.13,40.2,7
m_1936,610300,29,75,5.55,0,50.13,40.2,5
m_1936,610320,33,75,5.78,1,50.13,40.2,5
m_1936,610470,31,72,3.86,1,50.14,40.21,5
m_1936,610490,26,71,5.53,1,50.14,40.21,5
m_1936,610670,35,73,3.34,0,50.14,40.21,4
m_1936,610730,39,73,2.23,1,50.14,40.21,4
m_1936,610810,36,74,3.16,1,50.14,40.21,7
m_1936,610950,35,74,2.47,1,50.15,40.21,5
m_1936,610970,36,74,3.76,1,50.15,40.21,5
m_1936,611000,37,74,2.77,0,50.15,40.21,5
m_1936,611120,39,75,1.24,1,50.15,40.22,6
m_1936,611520,34,72,3.22,1,50.16,40.22,12
m_1936,611540,30,73,3.52,1,50.16,40.22,12
m_1936,611670,31,74,2.87,0,50.16,40.22,7
m_1936,611780,42,77,1.56,0,50.17,40.23,5
m_1936,611880,62,77,0.72,1,50.17,40.23,15
m_1936,611930,48,76,2.14,0,50.17,40.23,15
m_1936,612000,50,77,1.45,0,50.17,40.23,6
m_1936,612050,53,78,1.85,0,50.17,40.23,6
m_1936,612100,48,78,1.88,0,50.18,40.23,7
m_1936,612130,56,78,1.21,0,50.18,40.23,7
m_1936,612170,49,79,2.25,0,50.18,40.23,7
m_1936,612180,48,79,1.74,0,50.18,40.23,8
m_1936,612260,43,76,5.03,0,50.18,40.23,6
m_1936,612290,36,74,3.54,0,50.18,40.24,6
m_1936,612340,34,74,2.6,0,50.18,40.24,6
m_1936,612360,41,75,1.83,0,50.18,40.24,6
m_1936,612430,53,75,,,50.19,40.24,7
m_1936,612450,41,75,2.31,1,50.19,40.24,7
m_1936,612470,39,76,3.27,0,50.19,40.24,7
m_1936,612510,37,75,2.45,0,50.19,40.24,5
m_1936,612560,38,75,1.89,0,50.19,40.24,6
m_1936,612640,33,75,3.85,0,50.19,40.24,5
m_1936,612690,31,74,4.01,0,50.19,40.24,7
m_1936,612720,30,73,5.05,0,50.19,40.24,5
m_1936,612730,37,72,3.28,0,50.19,40.24,5
m_1936,612850,31,73,5.23,0,50.2,40.25,5
m_1936,612870,31,73,3.79,0,50.2,40.25,5
m_1936,612880,34,73,3.36,0,50.2,40.25,5
m_1936,612910,43,74,2.49,0,50.2,40.25,6
m_1936,612920,38,74,1.75,0,50.2,40.25,6
m_1936,613010,33,74,4.14,0,50.2,40.25,6
m_1936,613400,36,75,3.17,1,50.21,40.25,5
m_1936,613470,28,73,5.16,0,50.21,40.25,6
m_1936,613520,39,74,2.59,1,50.21,40.25,4
m_1936,613590,38,74,3.08,1,50.21,40.26,16
m_1936,613710,43,75,2.35,1,50.21,40.26,4
m_1936,613740,39,75,2.78,1,50.21,40.26,4
m_1936,613750,34,75,3.84,1,50.21,40.26,4
m_1936,613760,30,76,4.02,0,50.21,40.26,4
m_1936,613870,34,75,4.18,0,50.22,40.26,5
m_1936,613890,27,74,4.81,0,50.22,40.26,5
m_1936,613970,29,73,6.21,0,50.22,40.26,4
m_1936,614100,24,73,5.11,0,50.22,40.26,4
m_1936,614260,22,73,5.48,0,50.22,40.26,4
m_1936,614360,42,77,2.12,0,50.22,40.26,4
m_1936,614580,36,78,3.4,0,50.23,40.27,7
m_1936,614640,30,75,3.97,0,50.23,40.27,5
m_1936,614810,37,76,4.24,0,50.24,40.27,4
m_1936,614980,26,74,5.11,0,50.24,40.27,4
m_1936,615000,26,73,4.37,0,50.24,40.27,5
m_1936,615210,34,77,3.96,0,50.24,40.28,6
m_1936,615250,37,77,3,0,50.24,40.28,7
m_1936,615310,41,76,2.97,0,50.25,40.28,7
m_1936,615340,37,77,3.29,0,50.25,40.28,7
m_1936,615370,34,76,3.87,0,50.25,40.28,7
m_1936,615440,28,74,5.26,0,50.25,40.28,6
m_1936,615480,31,75,3.2,0,50.25,40.28,7
m_1936,615520,41,76,2.37,0,50.25,40.28,7
m_1936,615610,43,77,2.22,0,50.26,40.28,8
m_1936,615620,37,77,2.11,0,50.26,40.28,8
m_1936,615770,50,79,2.05,0,50.26,40.29,6
m_1936,615800,43,79,1.69,0,50.26,40.29,7
m_1936,615970,33,75,4.36,0,50.27,40.29,6
m_1936,615980,30,75,4.59,0,50.27,40.29,6
m_1936,616040,34,75,2.63,0,50.27,40.29,6
m_1936,616190,41,76,2.94,0,50.28,40.29,8
m_1936,616300,42,77,2.07,0,50.28,40.29,5
m_1936,616390,41,76,2.53,0,50.28,40.29,8
m_1936,616490,43,78,2.29,0,50.29,40.3,5
m_1936,616520,45,79,1.52,0,50.29,40.3,5
m_1936,616630,39,78,2.6,0,50.29,40.3,6
m_1936,616810,40,77,2.49,0,50.29,40.3,11
m_1936,617170,32,78,3.95,0,50.3,40.3,5
m_1936,617290,27,76,6.5,0,50.3,40.31,4
m_1936,617320,31,77,4.27,0,50.3,40.31,4
m_1936,617390,24,76,5.83,0,50.3,40.31,5
m_1936,617600,30,77,3.14,1,50.3,40.31,7
m_1936,617630,42,78,1.89,1,50.31,40.31,7
m_1936,617660,41,79,2.02,0,50.31,40.31,8
m_1936,617690,40,78,3.43,0,50.31,40.31,8
m_1936,617740,56,80,,,50.31,40.31,8
m_1936,617800,60,80,0.41,1,50.31,40.31,8
m_1936,617830,60,80,0.54,1,50.31,40.31,14
m_1936,618030,54,79,0.42,0,50.31,40.32,6
m_1936,618210,61,84,0.59,1,50.32,40.32,10
m_1936,618310,60,84,0.77,1,50.32,40.32,7
m_1936,618440,52,85,1.1,1,50.32,40.32,9
m_1936,618480,45,82,1.83,0,50.33,40.33,7
m_1936,618640,37,80,2.67,0,50.33,40.33,8
m_1936,618810,44,80,1.79,0,50.34,40.33,8
m_1936,618860,35,79,3.8,0,50.34,40.33,7
m_1936,618870,29,80,3.26,0,50.34,40.33,7
m_1936,618910,42,79,2.63,0,50.34,40.33,9
m_1936,618990,41,81,2.14,0,50.34,40.33,9
m_1936,619030,51,82,1.34,0,50.34,40.33,12
m_1936,619200,41,83,2.29,0,50.35,40.34,10
m_1936,619390,44,82,1.33,0,50.35,40.34,17
m_1936,619410,41,82,1.39,1,50.36,40.34,17
m_1936,619530,40,79,2.17,0,50.36,40.34,17
m_1936,619590,42,79,1.88,1,50.36,40.34,18
m_1936,619630,42,81,2.59,1,50.36,40.35,8
m_1936,619810,44,79,1.99,0,50.36,40.35,16
m_1936,619820,37,79,2.21,0,50.36,40.35,16
m_1936,619950,48,83,0.99,1,50.37,40.35,24
m_1936,620030,54,84,1.09,1,50.37,40.35,22
m_1936,620070,52,86,,,50.37,40.35,12
m_1936,620090,53,85,0.97,1,50.37,40.35,12
m_1936,620170,53,82,1.25,1,50.37,40.36,10
m_1936,620200,61,84,1.06,1,50.38,40.36,10
m_1936,620330,49,80,1.69,1,50.38,40.36,9
m_1936,620340,50,80,1.35,1,50.38,40.36,9
m_1936,620440,54,83,0.83,0,50.38,40.36,12
m_1936,620470,47,82,1.12,0,50.38,40.36,12
m_1936,620550,49,83,,,50.39,40.36,8
m_1936,620600,43,84,2.15,0,50.39,40.37,11
m_1936,620640,36,80,2.35,1,50.39,40.37,13
m_1936,620690,40,79,2.5,0,50.39,40.37,13
m_1936,621000,50,85,1.42,1,50.4,40.37,8
m_1936,621020,47,84,1.39,1,50.4,40.37,8
m_1936,621190,48,85,1.34,0,50.41,40.37,10
m_1936,621230,39,85,2.76,1,50.41,40.37,10
m_1936,621420,45,81,1.81,1,50.41,40.38,13
m_1936,621540,39,84,2.81,1,50.42,40.38,11
m_1936,621690,41,82,1.94,0,50.42,40.38,18
m_1936,621740,50,83,1.16,1,50.42,40.39,10
m_1936,621820,39,83,2.61,0,50.42,40.39,14
m_1936,621900,47,84,,,50.42,40.39,12
m_1936,621920,44,84,2.4,1,50.42,40.39,12
m_1936,621940,43,84,2.64,0,50.43,40.39,12
m_1936,621960,38,84,3.19,0,50.43,40.39,11
m_1936,621970,38,84,3.9,0,50.43,40.39,11
m_1936,622130,37,86,3.37,0,50.43,40.39,6
m_1936,622260,58,85,0.97,0,50.43,40.39,7
m_1936,622300,53,83,,,50.43,40.39,7
m_1936,622320,54,83,1.11,0,50.43,40.39,10
m_1936,622580,39,81,2.34,0,50.44,40.4,11
m_1936,622620,41,81,2.57,0,50.44,40.4,9
m_1936,622630,43,81,2.74,0,50.44,40.4,9
m_1936,622720,39,81,3,0,50.44,40.4,10
m_1936,623040,38,82,2.43,1,50.45,40.41,10
m_1936,623100,46,82,2.22,1,50.45,40.41,13
m_1936,623270,57,87,1.44,1,50.46,40.41,17
m_1936,623280,55,86,1.21,1,50.46,40.41,17
m_1936,623320,58,87,0.97,1,50.46,40.41,17
m_1936,623350,54,87,1.79,0,50.46,40.41,21
m_1936,623550,47,84,1.44,0,50.46,40.42,18
m_1936,623790,41,86,2.7,1,50.47,40.42,13
m_1936,624010,38,85,3.47,1,50.47,40.42,9
m_1936,624020,41,85,,,50.47,40.42,9
m_1936,624190,32,83,4.01,1,50.47,40.43,7
m_1936,624270,34,84,3.74,0,50.48,40.43,7
m_1936,624280,41,84,2.22,1,50.48,40.43,7
m_1936,624360,32,82,3.81,1,50.48,40.43,5
m_1936,624570,44,80,1.57,0,50.49,40.43,11
m_1936,624800,45,83,1.86,0,50.49,40.44,15
m_1936,624820,43,83,2.01,1,50.5,40.44,15
m_1936,624970,41,80,,,50.5,40.44,10
m_1936,625000,37,80,3.3,0,50.5,40.44,10
m_1936,625120,42,83,1.72,0,50.5,40.44,9
m_1936,625220,40,81,1.22,0,50.51,40.44,23
m_1936,625270,38,82,,,50.51,40.44,18
m_1936,625350,39,83,2.43,0,50.51,40.45,19
m_1936,625400,53,85,1.39,0,50.51,40.45,32
m_1936,625410,51,85,0.86,0,50.51,40.45,32
m_1936,625430,56,85,1.02,0,50.51,40.45,32
m_1936,625470,80,86,0.42,1,50.51,40.45,20
m_1936,625710,63,86,0.92,0,50.52,40.45,21
m_1936,625960,50,87,1.55,0,50.53,40.46,14
m_1936,626110,85,92,0.69,0,50.53,40.46,13
m_1936,626150,83,90,1.21,0,50.54,40.46,13
m_1936,626200,85,90,0.59,0,50.54,40.46,12
m_1936,626260,79,89,0.55,0,50.54,40.46,7
m_1936,626280,84,90,0.46,0,50.54,40.46,5
m_1936,626340,85,92,0.77,0,50.55,40.47,6
m_1936,626430,84,91,0.49,0,50.55,40.47,15
m_1936,626530,79,91,0.62,0,50.55,40.47,6
m_1936,626630,75,91,1.31,0,50.56,40.47,8
m_1936,626670,76,91,2.02,0,50.56,40.47,9
m_1936,626850,56,88,0.9,0,50.57,40.47,11
m_1936,626900,58,87,0.84,0,50.57,40.47,20
m_1936,626910,59,87,,,50.57,40.47,20
m_1936,626930,60,86,1.39,0,50.57,40.47,20
m_1936,626940,50,84,1.37,0,50.57,40.47,12
m_1936,627020,52,86,,,50.57,40.48,14
m_1936,627160,57,88,1.01,0,50.58,40.48,9
m_1936,627300,56,89,1.07,0,50.58,40.48,14
m_1936,627340,61,89,1.22,0,50.58,40.48,14
m_1936,627600,78,92,0.53,1,50.59,40.49,18
m_1936,627660,71,93,0.51,1,50.59,40.49,14
m_1936,627760,50,90,1.57,0,50.59,40.49,13
m_1936,627810,53,90,1.27,1,50.59,40.49,9
m_1936,627960,58,89,1.04,0,50.6,40.49,12
m_1936,628020,52,89,1.26,0,50.6,40.5,6
m_1936,628340,55,91,0.76,0,50.61,40.5,11
m_1936,628470,65,92,0.62,0,50.61,40.51,12
m_1936,628620,64,86,0.56,1,50.62,40.51,14
m_1936,628830,63,91,0.73,0,50.62,40.51,15
m_1936,628950,60,91,0.69,0,50.63,40.52,17
m_1936,628960,63,92,0.97,0,50.63,40.52,17
m_1936,629050,52,87,1.15,0,50.63,40.52,16
m_1936,629090,52,88,1.93,0,50.63,40.52,16
m_1936,629310,56,87,0.93,1,50.64,40.52,18
m_1936,629340,54,87,1.13,0,50.64,40.53,14
m_1936,629420,55,91,0.86,0,50.64,40.53,12
m_1936,629560,63,90,0.79,1,50.65,40.53,8
m_1936,629620,52,89,1.4,0,50.65,40.53,13
m_1936,629670,51,89,1.22,1,50.65,40.53,11
m_1936,629790,48,90,1.58,0,50.65,40.53,13
m_1936,629800,52,91,1.8,0,50.65,40.54,13
m_1936,630000,58,92,1.16,0,50.66,40.54,15
m_1936,630260,63,91,0.75,1,50.67,40.55,22
m_1936,630500,64,94,0.54,1,50.68,40.55,17
m_1936,630540,57,90,0.76,1,50.68,40.55,11
m_1936,630750,41,87,2.41,1,50.69,40.56,9
m_1936,630790,56,90,1.15,1,50.69,40.56,14
m_1936,630930,55,89,1.12,1,50.69,40.56,14
m_1936,631010,64,90,1.84,1,50.69,40.56,21
m_1936,631040,62,92,,,50.7,40.56,14
m_1936,631180,74,93,0.86,1,50.7,40.57,17
m_1936,631270,79,93,0.77,1,50.7,40.57,15
m_1936,631310,73,92,,,50.7,40.57,15
m_1936,631520,67,89,0.6,1,50.71,40.57,18
m_1936,631580,68,92,0.46,1,50.71,40.57,20
m_1936,631620,60,93,0.79,1,50.71,40.58,12
m_1936,631650,75,93,0.82,1,50.71,40.58,12
m_1936,631960,55,90,1.91,1,50.72,40.58,19
m_1936,631970,56,89,4.11,1,50.72,40.58,19
m_1936,632170,60,82,1,1,50.72,40.59,10
m_1936,632270,83,85,1.96,2,50.72,40.59,10
m_1936,632400,59,84,1.21,1,50.73,40.59,5
m_1936,632570,47,84,4.84,1,50.73,40.59,6
m_1936,632650,54,85,1.57,1,50.73,40.6,9
m_1936,632730,57,89,1.25,1,50.73,40.6,6
m_1936,632770,56,90,1.41,1,50.73,40.6,8
m_1936,632800,62,90,1.78,1,50.74,40.6,8
m_1936,632860,49,90,2.5,1,50.74,40.6,7
m_1936,632910,49,89,1.96,1,50.74,40.6,6
m_1936,633090,49,89,1.7,1,50.74,40.6,6
m_1936,633210,52,88,1.89,1,50.74,40.61,7
m_1936,633280,41,86,3.94,1,50.75,40.61,13
m_1936,633360,50,88,2.87,0,50.75,40.61,11
m_1936,633580,45,86,2.52,0,50.75,40.61,5
m_1936,633690,60,88,0.91,0,50.76,40.62,12
m_1936,633700,61,89,1.41,0,50.76,40.62,12
m_1936,634010,51,86,4.79,0,50.77,40.62,12
m_1936,634060,68,86,1.32,1,50.77,40.62,16
m_1936,634070,68,86,4.05,1,50.77,40.62,16
m_1936,634090,74,86,0.79,2,50.77,40.62,22
m_1936,634200,44,86,3.76,0,50.77,40.62,7
m_1936,634460,40,87,3.75,0,50.78,40.63,11
m_1936,634510,48,87,2.69,1,50.78,40.63,10
m_1936,634550,48,87,6.38,1,50.78,40.63,10
m_1936,634680,44,88,3.69,0,50.78,40.63,8
m_1936,634850,47,88,7.8,1,50.78,40.64,7
m_1936,634920,42,86,5,0,50.78,40.64,5
m_1936,635110,44,87,3.14,1,50.79,40.64,5
m_1936,635180,48,87,1.78,1,50.79,40.64,5
m_1936,635290,48,88,1.89,1,50.79,40.64,5
m_1936,635310,43,87,2.71,1,50.79,40.64,5
m_1936,635340,41,88,4.96,1,50.79,40.65,4
m_1936,635580,34,85,5.13,1,50.8,40.65,5
m_1936,635590,33,85,5.2,1,50.8,40.65,5
m_1936,635610,31,85,,,50.8,40.65,5
m_1936,635620,36,85,6.25,1,50.8,40.65,5
m_1936,635660,33,86,5.2,1,50.8,40.65,6
m_1936,635750,35,83,10.36,0,50.8,40.65,7
m_1936,635820,52,85,3.07,0,50.8,40.65,8
m_1936,635840,46,86,1.98,1,50.8,40.65,8
m_1936,635960,50,86,1.64,1,50.81,40.66,8
m_1936,636040,47,88,3.01,1,50.81,40.66,4
m_1936,636180,33,84,5.19,1,50.81,40.66,4
m_1936,636250,58,85,1.41,1,50.81,40.66,6
m_1936,636320,45,83,2.51,1,50.81,40.66,6
m_1936,636480,37,83,4.86,0,50.81,40.67,5
m_1936,636630,41,84,,,50.82,40.67,5
m_1936,636670,40,84,3,1,50.82,40.67,4
m_1936,636720,37,85,6.09,1,50.82,40.67,5
m_1936,636740,37,84,5.08,0,50.82,40.67,5
m_1936,636790,34,83,4.88,0,50.82,40.67,4
m_1936,636900,37,82,6.2,0,50.82,40.67,5
m_1936,636910,41,82,3.19,0,50.82,40.67,5
m_1936,636970,41,82,2.13,0,50.82,40.67,8
m_1936,637060,82,81,1.23,0,50.82,40.67,7
m_1936,637100,35,83,3.46,0,50.82,40.68,6
m_1936,637160,46,84,2.38,1,50.83,40.68,7
m_1936,637240,63,86,1.57,0,50.83,40.68,7
m_1936,637300,68,87,1.39,0,50.83,40.68,10
m_1936,637330,78,90,0.89,1,50.83,40.68,8
m_1936,637370,63,90,4.37,1,50.83,40.68,8
m_1936,637390,59,89,1.15,0,50.83,40.68,11
m_1936,637410,53,89,0.84,0,50.83,40.68,11
m_1936,637480,48,89,2.27,0,50.84,40.68,12
m_1936,637540,54,85,1.83,0,50.84,40.69,6
m_1936,637620,81,87,1.16,0,50.84,40.69,6
m_1936,637630,77,86,1.04,0,50.84,40.69,6
m_1936,638100,59,87,1.85,0,50.85,40.7,16
m_1936,638140,53,85,2,0,50.86,40.7,16
m_1936,638150,58,85,5.85,0,50.86,40.7,16
m_1936,638240,44,84,,,50.86,40.7,8
m_1936,638350,46,88,2,0,50.86,40.7,5
m_1936,638370,42,87,2.56,1,50.86,40.7,5
m_1936,638520,48,86,2.54,1,50.86,40.7,8
m_1936,638630,43,85,8.73,0,50.86,40.7,6
m_1936,638670,45,86,2.01,1,50.86,40.7,6
m_1936,638840,63,88,0.76,1,50.87,40.71,7
m_1936,638870,65,88,5.1,0,50.87,40.71,7
m_1936,639050,54,84,6.11,0,50.87,40.71,5
m_1936,639140,56,84,1.9,1,50.87,40.71,7
m_1936,639200,41,85,3.3,1,50.87,40.71,5
m_1936,639250,41,85,3.79,1,50.87,40.71,7
m_1936,639330,40,85,2.92,1,50.88,40.71,5
m_1936,639340,40,86,3.75,1,50.88,40.71,5
m_1936,639390,50,88,1.74,1,50.88,40.71,5
m_1936,639440,39,83,2.72,1,50.88,40.72,7
m_1936,639480,35,83,5.67,1,50.88,40.72,6
m_1936,639550,65,87,1.45,1,50.88,40.72,8
m_1936,639640,52,91,2.02,1,50.88,40.72,8
m_1936,639690,49,91,1.42,1,50.88,40.72,7
m_1936,639720,48,92,2.09,1,50.88,40.72,9
m_1936,639880,42,87,3.76,1,50.89,40.72,6
m_1936,639900,43,87,3.84,1,50.89,40.72,4
m_1936,639920,44,86,2.24,1,50.89,40.72,4
m_1936,639960,86,87,1.11,0,50.89,40.72,5
m_1936,640010,78,88,5.28,1,50.89,40.73,5
m_1936,640040,47,87,3.3,1,50.89,40.73,7
m_1936,640050,51,86,1.42,1,50.89,40.73,7
m_1936,640090,41,86,4.1,1,50.89,40.73,7
m_1936,640220,46,85,2.36,1,50.89,40.73,6
m_1936,640230,42,85,2.86,1,50.89,40.73,6
m_1936,640430,53,87,6.66,1,50.9,40.73,10
m_1936,640640,36,89,3.5,0,50.9,40.73,6
m_1936,640660,41,90,4.6,1,50.9,40.73,6
m_1936,640670,42,90,6.17,1,50.9,40.73,6
m_1936,640730,39,90,8.76,1,50.9,40.73,6
m_1936,640800,38,92,3.94,1,50.9,40.74,5
m_1936,640840,40,94,3.67,1,50.9,40.74,5
m_1936,640900,41,87,3.33,1,50.9,40.74,6
m_1936,641040,43,90,,,50.91,40.74,6
m_1936,641100,55,88,2.46,1,50.91,40.74,5
m_1936,641210,51,90,,,50.91,40.74,7
m_1936,641240,71,90,0.84,1,50.91,40.74,7
m_1936,641300,45,90,1.93,1,50.91,40.75,7
m_1936,641410,48,88,2.09,0,50.92,40.75,7
m_1936,641750,41,86,,,50.92,40.75,5
m_1936,641790,84,85,0.47,1,50.92,40.75,5
m_1936,641860,50,86,2.61,1,50.93,40.76,6
m_1936,641880,45,86,3.14,1,50.93,40.76,5
m_1936,641910,37,86,3.29,0,50.93,40.76,5
m_1936,642080,40,89,1.67,0,50.93,40.76,6
m_1936,642130,54,89,1.47,1,50.93,40.76,7
m_1936,642230,41,89,9.39,0,50.93,40.76,9
m_1936,642320,83,88,,,50.93,40.76,5
m_1936,642440,39,89,2.76,0,50.94,40.76,7
m_1936,642560,48,90,1.69,0,50.94,40.77,11
m_1936,642590,45,91,7.16,0,50.94,40.77,11
m_1936,642850,83,88,0.6,1,50.94,40.77,7
m_1936,643210,41,90,4.49,0,50.95,40.78,5
m_1936,643240,49,91,2.52,0,50.95,40.78,5
m_1936,643490,57,93,5.05,1,50.96,40.78,7
m_1936,643620,75,95,1.07,1,50.96,40.78,9
m_1936,643670,48,94,,,50.96,40.79,9
m_1936,643780,82,97,0.79,0,50.97,40.79,10
m_1936,643790,61,96,5.01,1,50.97,40.79,10
m_1936,643840,46,96,2.47,1,50.97,40.79,8
m_1936,644040,86,94,0.76,0,50.97,40.79,7
m_1936,644080,42,92,3.31,1,50.97,40.79,7
m_1936,644210,48,97,6.55,1,50.97,40.8,8
m_1936,644220,46,97,2.81,1,50.97,40.8,7
m_1936,644320,47,94,2.98,1,50.98,40.8,8
m_1936,644350,49,94,2.05,1,50.98,40.8,5
m_1936,644620,59,94,1.44,1,50.98,40.81,8
m_1936,644700,59,94,0.86,1,50.99,40.81,19
m_1936,644800,60,95,1.22,1,50.99,40.81,10
m_1936,644850,54,94,0.69,1,50.99,40.81,15
m_1936,644950,47,92,1.33,1,50.99,40.81,8
m_1936,645050,48,91,6.44,1,51,40.82,8
m_1936,645080,44,90,1.43,1,51,40.82,12
m_1936,645130,45,90,1.7,1,51,40.82,11
m_1936,645200,48,91,,,51,40.82,8
m_1936,645250,44,90,1.88,1,51,40.82,8
m_1936,645270,37,91,2.89,1,51,40.82,8
m_1936,645340,43,91,2.17,1,51,40.82,7
m_1936,645410,69,91,4.03,1,51,40.82,7
m_1936,645530,46,91,5.36,1,51.01,40.83,7
m_1936,645610,52,92,1.19,1,51.01,40.83,10
m_1936,645630,58,93,0.69,1,51.01,40.83,10
m_1936,645660,52,93,1.35,1,51.01,40.83,8
m_1936,645670,54,92,0.88,1,51.01,40.83,8
m_1936,645810,41,92,2.42,1,51.01,40.83,7
m_1936,645890,61,93,4.84,1,51.01,40.83,7
m_1936,646040,52,93,1.22,1,51.02,40.84,15
m_1936,646080,53,93,1.67,1,51.02,40.84,18
m_1936,646150,48,94,1.73,1,51.02,40.84,11
m_1936,646180,46,94,2.67,1,51.02,40.84,11
m_1936,646210,44,93,2.57,1,51.02,40.84,13
m_1936,646260,55,94,1.09,1,51.02,40.84,17
m_1936,646330,57,93,1.38,1,51.02,40.84,13
m_1936,646380,62,95,1.34,1,51.03,40.85,12
m_1936,646440,65,93,1.93,1,51.03,40.85,14
m_1936,646490,48,94,,,51.03,40.85,14
m_1936,646680,44,94,2.07,1,51.03,40.85,10
m_1936,646730,47,95,5.63,1,51.03,40.85,10
m_1936,646740,45,95,1.97,1,51.03,40.85,7
m_1936,646780,41,94,3.27,1,51.03,40.85,7
m_1936,646800,43,95,2.56,1,51.03,40.85,11
m_1936,646900,39,94,4.14,1,51.04,40.85,10
m_1936,646920,35,93,5.13,1,51.04,40.85,10
m_1936,646940,37,94,3.95,1,51.04,40.86,10
m_1936,647000,46,96,1.92,1,51.04,40.86,9
m_1936,647030,50,94,6.18,1,51.04,40.86,9
m_1936,647170,48,97,2.04,1,51.04,40.86,6
m_1936,647250,63,94,0.85,1,51.04,40.86,5
m_1936,647300,61,98,0.76,0,51.04,40.86,6
m_1936,647400,55,96,1.96,0,51.04,40.86,9
m_1936,647440,55,93,1.45,0,51.05,40.87,9
m_1936,647530,56,94,1.32,0,51.05,40.87,10
m_1936,647610,82,92,0.45,0,51.05,40.87,8
m_1936,647640,83,92,1.11,0,51.05,40.87,11
m_1936,647740,41,87,3.77,1,51.05,40.87,6
m_1936,647800,50,87,1.48,1,51.05,40.87,6
m_1936,648130,61,91,1.11,1,51.06,40.88,7
m_1936,648140,60,92,0.52,1,51.06,40.88,7
m_1936,648190,62,92,1.23,1,51.06,40.88,7
m_1936,648200,60,92,0.73,1,51.06,40.88,7
m_1936,648210,58,92,0.69,1,51.06,40.88,7
m_1936,648290,52,93,5.24,1,51.06,40.88,5
m_1936,648710,36,91,7.78,1,51.07,40.89,7
m_1936,648860,41,92,2.65,1,51.07,40.89,15
m_1936,648930,38,89,3.26,1,51.08,40.89,15
m_1936,648980,35,90,3.55,1,51.08,40.89,20
m_1936,649120,78,91,1.32,1,51.08,40.9,12
m_1936,649150,39,90,3.02,1,51.08,40.9,12
m_1936,649250,42,91,5.98,1,51.08,40.9,12
m_1936,649280,72,90,1.03,1,51.08,40.9,11
m_1936,649340,37,90,2.84,1,51.08,40.9,9
m_1936,649390,38,90,3.34,1,51.08,40.9,5
m_1936,649570,33,90,4.37,1,51.08,40.9,7
m_1936,649590,45,91,1.78,1,51.09,40.9,7
m_1936,649660,31,89,6.53,1,51.09,40.91,8
m_1936,649790,46,90,5.24,1,51.09,40.91,5
m_1936,649910,57,90,2.74,1,51.09,40.91,8
m_1936,650050,43,89,2.75,1,51.09,40.91,7
m_1936,650130,37,88,2.66,1,51.09,40.91,6
m_1936,650170,44,89,1.96,1,51.09,40.91,7
m_1936,650450,40,91,5.68,1,51.1,40.92,5
m_1936,650470,37,89,4.75,1,51.1,40.92,5
m_1936,650550,36,90,3.89,1,51.1,40.92,6
m_1936,650570,40,91,6.57,1,51.1,40.92,6
m_1936,650590,43,90,2.67,1,51.1,40.92,6
m_1936,650750,40,92,5.83,1,51.11,40.92,7
m_1936,650970,49,92,1.42,1,51.11,40.93,7
m_1936,650980,46,92,2.66,1,51.11,40.93,7
m_1936,651000,36,92,3.83,1,51.11,40.93,6
m_1936,651300,47,92,2.36,1,51.11,40.93,5
m_1936,651330,48,92,1.63,1,51.11,40.93,5
m_1936,651510,31,92,5.35,0,51.12,40.93,6
m_1936,651570,31,92,5.14,0,51.12,40.93,5
m_1936,651610,34,92,5.75,1,51.12,40.94,5
m_1936,651620,38,92,3.45,0,51.12,40.94,5
m_1936,651810,36,96,,,51.12,40.94,5
m_1936,651820,37,96,4.22,1,51.12,40.94,5
m_1936,651990,41,95,1.38,1,51.12,40.94,5
m_1936,652420,44,95,2.23,0,51.13,40.95,7
m_1936,652450,42,95,2.49,1,51.13,40.95,6
m_1936,652870,44,92,2.4,1,51.14,40.96,6
m_1936,653210,46,93,5.06,1,51.15,40.97,7
m_1936,653420,41,92,2.03,1,51.15,40.97,5
m_1936,653570,37,92,7.38,1,51.15,40.97,7
m_1936,653590,82,91,0.49,1,51.15,40.97,7
m_1936,653610,83,91,0.34,0,51.15,40.97,7
m_1936,653670,38,91,2.65,1,51.15,40.97,9
m_1936,653790,47,92,1.49,1,51.16,40.98,7
m_1936,653840,46,91,1.31,1,51.16,40.98,7
m_1936,653850,57,91,0.69,1,51.16,40.98,7
m_1936,654070,42,96,2.87,1,51.16,40.98,5
m_1936,654190,39,94,3.61,1,51.16,40.98,6
m_1936,654270,41,95,3,1,51.16,40.98,5
m_1936,654390,37,93,4.54,1,51.17,40.99,5
m_1936,654690,78,95,1.01,0,51.17,40.99,5
m_1936,654710,41,94,7.8,0,51.17,40.99,5
m_1936,654760,36,95,4.01,0,51.17,40.99,6
m_1936,654800,36,96,3.48,0,51.17,40.99,5
m_1936,654840,38,95,3.59,0,51.18,40.99,5
m_1936,654880,66,95,2.13,1,51.18,40.99,5
m_1936,654930,36,93,2.89,1,51.18,41,9
m_1936,654950,40,94,6.96,1,51.18,41,9
m_1936,655100,41,94,2.25,0,51.18,41,6
m_1936,655210,53,94,5.13,1,51.18,41,5
m_1936,655220,33,94,3.69,1,51.18,41,5
m_1936,655450,63,93,0.87,2,51.19,41.01,7
m_1936,655480,64,94,1.88,2,51.19,41.01,7
m_1936,655550,75,97,3.81,1,51.19,41.01,22
m_1936,655650,83,95,0.46,0,51.19,41.01,8
m_1936,655690,38,96,3.84,0,51.19,41.01,9
m_1936,655740,38,95,3.43,1,51.19,41.01,5
m_1936,655890,36,93,3.76,1,51.2,41.01,8
m_1936,655900,35,93,4.72,1,51.2,41.01,8
m_1936,655990,38,93,4.06,1,51.2,41.02,6
m_1936,656180,48,94,1.58,1,51.2,41.02,10
m_1936,656210,53,94,4.37,1,51.2,41.02,10
m_1936,656280,55,94,1.87,1,51.2,41.02,11
m_1936,656290,55,94,1.4,1,51.21,41.02,11
m_1936,656450,41,92,6.83,1,51.21,41.03,6
m_1936,656580,44,94,2.58,1,51.21,41.03,6
m_1936,656710,45,94,2.39,1,51.21,41.03,6
m_1936,656780,40,94,2.65,1,51.21,41.03,6
m_1936,656850,45,93,1.98,1,51.22,41.03,7
m_1936,656940,42,95,2.74,1,51.22,41.04,21
m_1936,657030,40,95,2.7,1,51.22,41.04,11
m_1936,657120,51,95,3.08,0,51.22,41.04,9
m_1936,657150,58,93,1.36,0,51.22,41.04,9
m_1936,657500,52,95,2.17,1,51.23,41.05,15
m_1936,657610,48,96,2.12,1,51.23,41.05,8
m_1936,657810,38,96,2.5,1,51.24,41.06,6
m_1936,658210,44,96,3.44,1,51.25,41.06,7
m_1936,658270,41,96,2.71,1,51.25,41.06,8
m_1936,658320,35,96,5.71,1,51.25,41.06,5
m_1936,658340,37,97,4.93,1,51.25,41.07,5
m_1936,658350,38,97,3.28,1,51.25,41.07,5
m_1936,658360,41,97,3.78,1,51.25,41.07,5
m_1936,658450,56,97,0.87,1,51.25,41.07,5
m_1936,658700,55,92,0.44,1,51.26,41.07,9
m_1936,658750,54,93,0.68,1,51.26,41.07,5
m_1936,658820,55,95,0.53,1,51.26,41.07,7
m_1936,658900,66,96,1.18,1,51.26,41.08,6
m_1936,658980,79,93,0.58,1,51.26,41.08,6
m_1936,659070,53,94,0.44,1,51.27,41.08,6
m_1936,659180,61,96,0.64,1,51.27,41.08,6
m_1936,659210,60,95,4.22,1,51.27,41.08,6
m_1936,659560,55,95,1.6,1,51.28,41.09,10
m_1936,659580,56,95,0.95,1,51.28,41.09,13
m_1936,659720,37,96,,,51.28,41.09,9
m_1936,659800,34,97,4.4,1,51.28,41.09,8
m_1936,659830,37,97,4.93,0,51.28,41.1,9
m_1936,659880,75,97,1.22,0,51.28,41.1,9
m_1936,660060,35,92,3.79,1,51.29,41.1,7
m_1936,660080,34,92,3.43,1,51.29,41.1,7
m_1936,660200,35,91,3.05,1,51.29,41.1,28
m_1936,660290,35,91,7.91,1,51.29,41.1,8
m_1936,660320,39,91,2.1,1,51.29,41.1,7
m_1936,660330,36,91,2.4,0,51.29,41.1,7
m_1936,660360,34,91,3.29,1,51.29,41.11,5
m_1936,660380,34,91,2.88,1,51.29,41.11,5
m_1936,660400,84,91,0.63,0,51.29,41.11,5
m_1936,660440,31,90,,,51.3,41.11,7
m_1936,660740,29,91,5.12,0,51.3,41.11,5
m_1936,660790,32,90,5.03,0,51.3,41.11,5
m_1936,660910,54,91,2.67,0,51.3,41.11,5
m_1936,660920,85,91,0.5,0,51.3,41.11,5
m_1936,660950,80,91,3.63,0,51.3,41.12,5
m_1936,661180,29,93,5.95,1,51.31,41.12,7
m_1936,661240,32,94,6.19,1,51.31,41.12,5
m_1936,661310,33,96,10.8,0,51.31,41.12,4
m_1936,661380,26,95,7.72,0,51.31,41.12,5
m_1936,661520,33,92,3.86,0,51.32,41.13,5
m_1936,661610,27,91,11.63,0,51.32,41.13,5
m_1936,661770,33,92,3.21,1,51.32,41.13,6
m_1936,661790,29,91,9.02,0,51.32,41.13,6
m_1936,662020,33,92,5.64,0,51.32,41.13,6
m_1936,662160,35,93,5.84,0,51.33,41.14,8
m_1936,662170,43,93,3.78,0,51.33,41.14,8
m_1936,662190,32,93,4.74,0,51.33,41.14,8
m_1936,662210,33,92,,,51.33,41.14,8
m_1936,662430,48,94,1.66,1,51.33,41.14,9
m_1936,662480,55,95,1.26,1,51.33,41.14,26
m_1936,662500,83,95,1.16,0,51.33,41.14,26
m_1936,662990,45,92,7.57,1,51.34,41.15,18
m_1936,663110,40,93,7.7,0,51.35,41.15,7
m_1936,663130,41,93,4.93,0,51.35,41.15,6
m_1936,663310,77,94,0.81,0,51.35,41.15,7
m_1936,663320,38,93,2.8,0,51.35,41.15,7
m_1936,663520,34,92,5.72,0,51.36,41.16,6
m_1936,663550,30,91,5.94,0,51.36,41.16,8
m_1936,663640,30,91,6.21,0,51.36,41.16,5
m_1936,663700,30,92,7.55,0,51.36,41.16,5
m_1936,663770,33,91,10.44,0,51.36,41.16,5
m_1936,663790,37,91,4.19,1,51.36,41.16,5
m_1936,664040,28,93,4.99,0,51.36,41.17,6
m_1936,664070,32,93,10.23,0,51.37,41.17,6
m_1936,664160,28,93,5.93,0,51.37,41.17,5
m_1936,664330,30,93,6.18,0,51.37,41.17,5
m_1936,664570,27,92,6.8,0,51.37,41.17,6
m_1936,664710,41,93,2.79,1,51.38,41.17,5
m_1936,664750,64,93,1.85,1,51.38,41.18,7
m_1936,664820,30,95,4.66,1,51.38,41.18,6
m_1936,665090,29,92,10.69,0,51.38,41.18,6
m_1936,665120,30,92,3.88,0,51.38,41.18,8
m_1936,665400,41,97,3.22,0,51.39,41.19,5
m_1936,665530,34,96,4.71,1,51.39,41.19,5
m_1936,665610,27,94,6.72,1,51.39,41.19,6
m_1936,665680,84,94,0.76,1,51.39,41.19,6
m_1936,665700,86,94,0.63,1,51.39,41.19,6
m_1936,665720,26,94,4.16,1,51.39,41.19,6
m_1936,665910,41,96,1.99,0,51.4,41.19,6
m_1936,665920,45,95,2.47,0,51.4,41.19,6
m_1936,665970,68,97,0.64,0,51.4,41.19,11
m_1936,666060,43,96,3.71,1,51.4,41.2,12
m_1936,666080,42,96,1.63,0,51.4,41.2,12
m_1936,666140,53,98,,,51.4,41.2,6
m_1936,666160,61,98,1.19,0,51.4,41.2,6
m_1936,666370,52,92,0.75,0,51.41,41.2,7
m_1936,666430,41,87,2.31,0,51.41,41.2,10
m_1936,666470,39,87,2.81,0,51.41,41.2,10
m_1936,666520,80,88,1.13,0,51.41,41.2,17
m_1936,666600,37,87,4.26,0,51.41,41.2,15
m_1936,666730,39,87,3.04,1,51.41,41.2,7
m_1936,666920,35,87,2.95,0,51.42,41.21,6
m_1936,667020,48,90,2.86,0,51.42,41.21,20
m_1936,667040,42,89,2.32,0,51.42,41.21,20
m_1936,667050,41,89,2.99,0,51.42,41.21,20
m_1936,667090,44,90,2.83,0,51.42,41.21,16
m_1936,667150,39,89,3.33,0,51.42,41.21,11
m_1936,667390,27,88,8.65,0,51.43,41.21,6
m_1936,667460,25,88,6.96,0,51.43,41.22,5
m_1936,667540,26,89,7.83,0,51.43,41.22,5
m_1936,667970,33,87,10.81,0,51.43,41.22,6
m_1936,668040,34,88,3.99,0,51.44,41.22,6
m_1936,668150,37,88,8.73,0,51.44,41.22,6
m_1936,668400,34,90,4.58,0,51.44,41.23,7
m_1936,668420,36,90,3.48,0,51.44,41.23,7
m_1936,668520,30,88,5.3,1,51.44,41.23,10
m_1936,668570,37,89,8.93,1,51.44,41.23,10
m_1936,668660,31,88,4.4,1,51.45,41.23,6
m_1936,668770,43,89,2.95,1,51.45,41.23,6
m_1936,668780,44,89,2.12,1,51.45,41.23,6
m_1936,668930,39,91,8.31,1,51.45,41.23,7
m_1936,669050,80,91,3.8,0,51.45,41.23,5
m_1936,669120,30,89,6.53,0,51.45,41.23,6
m_1936,669130,30,90,5.75,1,51.45,41.23,6
m_1936,669150,30,90,4.62,1,51.45,41.23,6
m_1936,669210,39,91,2.69,0,51.46,41.24,6
m_1936,669450,36,91,2.35,1,51.46,41.24,6
m_1936,669720,56,91,2.63,1,51.47,41.24,6
m_1936,669840,49,90,4.2,0,51.47,41.24,6
m_1936,669970,46,90,2.92,0,51.47,41.25,8
m_1936,670060,37,90,3.74,0,51.47,41.25,7
m_1936,670120,40,89,3.43,0,51.48,41.25,12
m_1936,670140,47,90,2.26,1,51.48,41.25,13
m_1936,670180,52,89,2.23,1,51.48,41.25,13
m_1936,670390,35,87,,,51.48,41.26,6
m_1936,670450,34,87,4.54,0,51.48,41.26,5
m_1936,670520,38,89,3.48,0,51.48,41.26,5
m_1936,671070,33,90,6.9,0,51.49,41.27,5
m_1936,671110,33,89,4.96,1,51.5,41.27,7
m_1936,671360,84,91,0.37,0,51.5,41.27,6
m_1936,671550,84,91,0.41,0,51.5,41.27,8
m_1936,671580,82,91,1.02,0,51.5,41.27,12
m_1936,671660,51,89,1.34,1,51.5,41.27,14
m_1936,671710,49,88,2.15,1,51.51,41.27,9
m_1936,671780,32,90,4.16,0,51.51,41.28,8
m_1936,671940,36,93,4.56,1,51.51,41.28,14
m_1936,672170,39,92,6.33,1,51.51,41.28,10
m_1936,672190,41,92,2.51,1,51.51,41.28,8
m_1936,672260,36,91,2.62,0,51.52,41.28,10
m_1936,672450,45,90,1.66,1,51.52,41.29,11
m_1936,672550,41,90,2.88,0,51.52,41.29,14
m_1936,672780,34,89,5,0,51.53,41.29,9
m_1936,672800,33,88,4.84,0,51.53,41.29,9
m_1936,672810,29,87,5.26,0,51.53,41.29,9
m_1936,673150,43,91,3.5,0,51.53,41.3,5
m_1936,673200,44,92,3.36,0,51.53,41.3,7
m_1936,673310,50,93,4.89,0,51.53,41.3,9
m_1936,673400,48,92,1.97,0,51.53,41.3,9
m_1936,673440,49,93,1.98,0,51.54,41.3,11
m_1936,673490,47,92,4.66,0,51.54,41.3,11
m_1936,673540,40,90,3.91,0,51.54,41.3,10
m_1936,673840,37,90,3.99,0,51.54,41.31,7
m_1936,673900,42,90,2.02,1,51.54,41.31,7
m_1936,673910,39,90,4.27,0,51.54,41.31,7
m_1936,673990,41,90,2.68,1,51.54,41.31,7
m_1936,674360,39,91,3.18,0,51.55,41.32,6
m_1936,674460,47,92,1.67,0,51.55,41.32,12
m_1936,674470,46,92,1.97,0,51.55,41.32,12
m_1936,674600,42,91,2.01,0,51.55,41.32,7
m_1936,674650,37,90,3.4,0,51.56,41.32,7
m_1936,674670,39,90,4.36,0,51.56,41.32,7
m_1936,674680,36,90,6.31,0,51.56,41.32,7
m_1936,674710,37,90,4.79,0,51.56,41.32,5
m_1936,674750,36,90,6.8,0,51.56,41.32,5
m_1936,674770,33,90,5.36,1,51.56,41.32,5
m_1936,674970,31,90,4.34,1,51.56,41.32,7
m_1936,674980,32,90,5.87,1,51.56,41.32,7
m_1936,675130,33,89,4.27,0,51.56,41.33,7
m_1936,675580,40,93,3.14,1,51.57,41.33,7
m_1936,675650,44,94,3.56,1,51.57,41.33,10
m_1936,675660,41,93,2.12,1,51.57,41.33,13
m_1936,675750,35,92,2.77,0,51.58,41.34,12
m_1936,675820,38,93,3,0,51.58,41.34,8
m_1936,675950,37,92,5.98,0,51.58,41.34,6
m_1936,675960,39,92,2.94,0,51.58,41.34,5
m_1936,676190,79,94,2.57,0,51.58,41.34,7
m_1936,676220,58,94,0.92,0,51.58,41.34,6
m_1936,676230,42,93,2,0,51.58,41.34,6
m_1936,676240,35,93,3.15,0,51.58,41.34,6
m_1936,676430,53,93,3.13,1,51.59,41.35,4
m_1936,676520,49,93,1.16,1,51.59,41.35,5
m_1936,676660,35,93,3.21,0,51.6,41.35,6
m_1936,676670,41,94,4.29,1,51.6,41.35,6
m_1936,676750,34,95,3.37,0,51.6,41.35,7
m_1936,676800,32,92,,,51.6,41.35,5
m_1936,676810,38,92,7.08,1,51.6,41.35,5
m_1936,676900,81,93,0.81,0,51.6,41.35,5
m_1936,676970,38,93,6.11,0,51.6,41.36,8
m_1936,677020,28,92,5.53,0,51.6,41.36,5
m_1936,677090,28,92,9.4,0,51.6,41.36,5
m_1936,677150,28,91,9.02,0,51.6,41.36,6
m_1936,677230,33,91,4.75,0,51.61,41.36,5
m_1936,677450,36,94,6.51,1,51.61,41.36,5
m_1936,677500,34,93,3.93,1,51.61,41.36,5
m_1936,677510,32,93,6.55,1,51.61,41.36,5
m_1936,677550,31,94,3.42,1,51.61,41.36,5
m_1936,677680,28,92,5.96,0,51.61,41.36,7
m_1936,677710,39,93,3.01,1,51.61,41.36,5
m_1936,677840,28,93,5.37,0,51.62,41.37,8
m_1936,678180,37,95,2.54,0,51.63,41.38,8
m_1936,678220,34,95,,,51.63,41.38,8
m_1936,678320,30,94,3.27,0,51.63,41.38,5
m_1936,678390,29,95,3.82,0,51.63,41.38,5
m_1936,678440,25,94,6.16,0,51.64,41.39,9
m_1936,678690,29,96,4.92,0,51.64,41.4,13
m_1936,678730,25,94,6.22,0,51.65,41.4,9
m_1936,678780,29,94,5.59,0,51.65,41.4,7
m_1936,678840,25,94,6.06,0,51.65,41.4,6
m_1936,678940,37,94,3.52,1,51.65,41.4,6
m_1936,679010,38,96,4.59,1,51.65,41.41,6
m_1936,679050,40,96,1.99,1,51.66,41.41,7
m_1936,679230,32,97,3.79,0,51.66,41.41,5
m_1936,679260,32,96,4.36,0,51.66,41.42,9
m_1936,679330,33,97,3.91,1,51.67,41.42,5
m_1936,679450,29,98,4.55,0,51.67,41.42,5
m_1936,679530,26,94,6.04,1,51.67,41.43,7
m_1936,679690,27,95,6.13,1,51.68,41.43,5
m_1936,679700,24,95,5.23,1,51.68,41.43,5
m_1936,679760,29,94,3.92,1,51.68,41.43,5
m_1936,679830,33,95,3.51,0,51.68,41.44,6
m_1936,679860,40,96,,,51.68,41.44,6
m_1936,680260,45,95,1.48,1,51.7,41.45,6
m_1936,680420,25,93,5.22,0,51.7,41.46,5
m_1936,680550,29,94,3.72,0,51.71,41.46,5
m_1936,680580,31,95,4.37,0,51.71,41.46,5
m_1936,680630,29,94,9.16,0,51.71,41.47,5
m_1936,680650,28,94,4.6,0,51.71,41.47,6
m_1936,680730,46,94,1.38,1,51.71,41.47,5
m_1936,680810,35,95,6.09,0,51.71,41.47,7
m_1936,680860,31,94,3.89,0,51.72,41.47,8
m_1936,681040,26,93,4.39,0,51.72,41.48,5
m_1936,681050,30,94,6.01,1,51.72,41.48,5
m_1936,681300,28,93,5.5,0,51.73,41.49,5
m_1936,681360,27,94,5.17,0,51.73,41.49,5
m_1936,681370,31,94,4.81,0,51.73,41.49,5
m_1936,681460,42,95,2.48,1,51.73,41.49,4
m_1936,681580,23,94,6.07,0,51.74,41.5,5
m_1936,681610,26,94,6.77,1,51.74,41.5,7
m_1936,681680,24,94,6.02,0,51.74,41.5,9
m_1936,681760,21,93,8,0,51.74,41.5,9
m_1936,681850,30,94,6.46,1,51.74,41.51,5
m_1936,681880,28,93,8.09,2,51.74,41.51,5
m_1936,682000,19,93,7.67,1,51.75,41.51,4
m_1936,682110,21,94,6.17,1,51.75,41.51,4
m_1936,682130,42,94,5.08,1,51.75,41.52,4
m_1936,682330,26,95,5.84,1,51.76,41.52,5
m_1936,682420,29,96,6.58,1,51.76,41.52,5
m_1936,682480,32,97,4.43,0,51.76,41.53,4
m_1936,682600,31,97,4.44,1,51.76,41.53,7
m_1936,682610,37,98,5.19,0,51.77,41.53,7
m_1936,682620,38,98,3.85,0,51.77,41.53,5
m_1936,682730,34,96,7.06,1,51.77,41.53,6
m_1936,682790,35,96,6.33,0,51.77,41.54,7
m_1936,682810,34,96,3.37,1,51.77,41.54,6
m_1936,682880,28,95,4,0,51.77,41.54,8
m_1936,682930,30,96,4.7,0,51.77,41.54,5
m_1936,682980,30,95,5.98,0,51.77,41.54,6
m_1936,683070,22,93,6.59,0,51.77,41.54,6
m_1936,683130,45,96,1.33,0,51.78,41.54,6
m_1936,683270,30,95,8.17,0,51.78,41.54,5
m_1936,683500,33,94,4.41,1,51.78,41.55,5
m_1936,684230,45,97,4.56,0,51.8,41.56,6
m_1936,684530,40,91,6.64,1,51.81,41.56,6
m_1936,684590,31,92,8.47,0,51.81,41.57,7
m_1936,684690,35,92,,,51.81,41.57,6
m_1936,684710,36,93,6.84,0,51.81,41.57,6
m_1936,684740,31,92,4.83,0,51.81,41.57,6
m_1936,684800,28,91,6.21,0,51.81,41.57,5
m_1936,685070,30,92,8.95,0,51.82,41.57,8
m_1936,685260,24,91,6.28,0,51.82,41.57,5
m_1936,685310,24,90,9.88,0,51.82,41.58,5
m_1936,685350,19,90,6.76,0,51.82,41.58,5
m_1936,685480,20,90,6.82,0,51.82,41.58,4
m_1936,685490,19,90,10.86,1,51.82,41.58,4
m_1936,685520,21,90,7.74,1,51.82,41.58,4
m_1936,685630,19,90,9.21,1,51.82,41.58,6
m_1936,685640,17,90,8.77,0,51.82,41.58,6
m_1936,685670,20,91,10.42,1,51.82,41.58,6
m_1936,686050,21,91,9.41,0,51.83,41.58,4
m_1936,686080,20,91,9.33,0,51.83,41.58,4
m_1936,686180,29,93,6.36,1,51.83,41.59,4
m_1936,686270,29,94,7.76,1,51.83,41.59,5
m_1936,686340,27,94,8.71,0,51.83,41.59,5
m_1936,686470,25,92,7.97,0,51.83,41.59,4
m_1936,686530,24,93,7.18,0,51.83,41.59,6
m_1936,686580,19,94,8.56,0,51.83,41.59,5
m_1936,686620,18,93,7.4,0,51.83,41.59,5
m_1936,686650,20,92,5.84,1,51.83,41.59,4
m_1936,686700,18,91,6.33,1,51.83,41.59,5
m_1936,686740,18,91,6.63,1,51.83,41.59,5
m_1936,686850,20,93,6.65,1,51.83,41.59,5
m_1936,686930,19,92,10.9,1,51.84,41.59,5
m_1936,687080,16,92,6.91,1,51.84,41.6,4
m_1936,687140,18,92,6.1,1,51.84,41.6,5
m_1936,687150,19,92,,,51.84,41.6,5
m_1936,687320,23,95,5.39,0,51.84,41.6,5
m_1936,687450,21,94,7.38,0,51.84,41.6,4
m_1936,687510,24,94,7.18,0,51.84,41.6,5
m_1936,687680,20,94,6.14,0,51.84,41.6,4
m_1936,687880,21,93,7.5,0,51.85,41.61,5
m_1936,687970,22,93,,,51.85,41.61,4
m_1936,688030,22,93,8.58,0,51.85,41.61,4
m_1936,688120,20,93,7.95,0,51.85,41.61,4
m_1936,688160,36,95,4.08,1,51.85,41.61,4
m_1936,688230,33,96,4.4,1,51.85,41.61,4
m_1936,688320,23,94,6.94,0,51.85,41.61,5
m_1936,688350,21,94,7,0,51.85,41.61,5
m_1936,688470,20,94,6.74,0,51.85,41.61,5
m_1936,688510,23,95,6.9,0,51.85,41.61,4
m_1936,688520,20,93,6.56,0,51.85,41.61,4
m_1936,688580,23,93,5.33,0,51.85,41.61,4
m_1936,688800,33,94,4.1,0,51.86,41.62,6
m_1936,688830,28,93,6.79,0,51.86,41.62,6
m_1936,688840,30,94,5.03,0,51.86,41.62,6
m_1936,689090,23,94,8.63,0,51.86,41.62,5
m_1936,689190,24,93,5.33,0,51.87,41.62,5
m_1936,689320,19,93,6.03,1,51.87,41.62,4
m_1936,689340,17,92,7.67,0,51.87,41.62,4
m_1936,689400,22,93,5.81,0,51.87,41.62,5
m_1936,689460,19,94,5.33,0,51.87,41.62,4
m_1936,689480,17,94,5.93,0,51.87,41.62,4
m_1936,689490,17,93,6.25,0,51.87,41.62,4
m_1936,689510,18,94,6.82,0,51.87,41.62,4
m_1936,689600,42,93,4.94,0,51.87,41.62,5
m_1936,689640,17,93,7.11,0,51.87,41.62,4
m_1936,689650,19,93,8.14,1,51.87,41.62,4
m_1936,689720,17,93,6.62,1,51.87,41.63,4
m_1936,689890,30,95,5.19,1,51.87,41.63,4
m_1936,690050,26,94,8.31,0,51.87,41.63,4
m_1936,690110,22,93,8.94,0,51.88,41.63,4
m_1936,690180,20,94,6.43,0,51.88,41.63,4
m_1936,690270,20,94,5.57,0,51.88,41.63,5
m_1936,690360,16,93,7.27,1,51.88,41.63,4
m_1936,690380,16,93,6.82,0,51.88,41.63,4
m_1936,690390,17,93,6.42,0,51.88,41.63,4
m_1936,690720,16,94,7.07,0,51.88,41.63,4
m_1936,690730,19,94,8.76,0,51.88,41.63,4
m_1936,690740,16,94,8.06,0,51.88,41.63,4
m_1936,690800,19,94,5.63,0,51.88,41.63,4
m_1936,690810,14,94,6.37,0,51.88,41.63,4
m_1936,690950,17,94,8.46,0,51.88,41.64,4
m_1936,691010,19,95,8.12,0,51.88,41.64,5
